Almôndega acebolada ao shoyo,Marrom/Bege
Almôndega acebolada ao shoyu,Marrom/Bege
Almôndega ao molho italiano,Misto
Almôndega ao sugo,Misto
Almôndega ao tomatelli,Misto
Almôndega assada,Marrom/Bege
Almôndega bovina ao sugo,Misto
Almôndega com molho de tomate,Misto
Almondegas,Marrom/Bege
Almôndegas acebolada,Marrom/Bege
Almôndegas aceboladas,Marrom/Bege
Almondegas ao molho,Misto
Almôndegas ao molho argentino,Misto
Almôndegas ao sugo,Misto
Almôndegas ao tomatelli,Misto
Almôndegas com molho argentino,Misto
Almôndegas com molho barbecue,Misto
Almôndegas com molho de tomate,Misto
Almôndegas com molho de tomate fresco,Misto
Almôndegas com molho de tomates,Misto
Almondegas com molho ferrugem,Misto
Almôndegas com molho ferrugem,Misto
Almôndegas com molho pomodoro,Misto
Almôndegas com molho roti,Misto
Almondegas com molho sugo,Misto
Almôndegas com molho sugo,Misto
Almôndegas de carne ao sugo,Misto
Almôndegas de carne com molho ao sugo,Misto
Assado de carne,Marrom/Bege
Assado de carne ao molho ferrugem,Marrom/Bege
Assado de carne com legumes,Misto
Bife à barbecue,Marrom/Bege
Bife à caçadora,Marrom/Bege
Bife à caçarole,Marrom/Bege
Bife à caipira,Marrom/Bege
Bife á chinesa,Misto
Bife a fricandoli,Marrom/Bege
Bife a fricandolle,Marrom/Bege
Bife a fricandolli,Marrom/Bege
Bife à milanesa,Marrom/Bege
Bife à parmegiana,Misto
Bife à pizzaiolo,Misto
Bife a rolê,Marrom/Bege
Bife à role,Marrom/Bege
Bife à rolê,Marrom/Bege
Bife à rolê com bacon,Marrom/Bege
Bife acebolado,Marrom/Bege
Bife acebolado com molho de tomate,Marrom/Bege
Bife ao molho argentino,Marrom/Bege
Bife ao molho barbecue,Marrom/Bege
Bife ao molho de azeitonas,Marrom/Bege
Bife ao molho de bacon,Marrom/Bege
Bife ao molho de cebola,Marrom/Bege
Bife ao molho de ervilha,Misto
Bife ao molho de maionese,Misto
Bife ao molho de tomate picante,Misto
Bife ao molho especial,Marrom/Bege
Bife ao molho fazendinha,Marrom/Bege
Bife ao molho ferrugem,Marrom/Bege
Bife ao molho madeira,Marrom/Bege
Bife ao molho pizzaiolo,Misto
Bife ao molho roty,Marrom/Bege
Bife com cebola e pimentão,Misto
Bife com molho acebolado,Marrom/Bege
Bife com molho argentino,Marrom/Bege
Bife com molho barbecue,Marrom/Bege
Bife com molho com molho ferrugem,Marrom/Bege
Bife com molho de alho,Marrom/Bege
Bife com molho de alho-poró,Marrom/Bege
Bife com molho de azeitonas,Marrom/Bege
Bife com molho de bacon,Marrom/Bege
Bife com molho de champignon,Marrom/Bege
Bife com molho de cogumelo,Marrom/Bege
Bife com molho de cogumelos,Marrom/Bege
Bife com molho de curry,Marrom/Bege
Bife com molho de ervas,Marrom/Bege
Bife com molho de pimentões,Misto
Bife com molho de roti,Marrom/Bege
Bife com molho de salsão,Misto
Bife com molho ferrugem,Marrom/Bege
Bife com molho madeira,Marrom/Bege
Bife com molho pomodoro,Misto
Bife com molho roti,Marrom/Bege
Bife com molho roty,Marrom/Bege
Bife com molho shoyo,Marrom/Bege
Bife com pimentão e cebola,Misto
Bife com pimentões,Misto
Bife de alcatra acebolado,Marrom/Bege
Bife de alcatra com molho shoyu,Marrom/Bege
Bife de alcatra grelhado,Marrom/Bege
Bife de alcatra grelhado acebolado,Marrom/Bege
Bife de caçarola,Misto
Bife de caçarola acebolado,Misto
Bife de caçarola com milho e ervilhas,Misto
Bife de contra filé acebolado,Marrom/Bege
Bife de contra filé ao molho roti,Marrom/Bege
Bife de contra filé com molho argentino,Marrom/Bege
Bife de contra filé com molho roti,Marrom/Bege
Bife de contra filé grelhado,Marrom/Bege
Bife de contrafilé,Marrom/Bege
Bife de contrafilé à caçadora,Marrom/Bege
Bife de contrafilé à parmegiana,Misto
Bife de contrafilé acebolado,Marrom/Bege
Bife de contrafilé ao alho,Marrom/Bege
Bife de contrafilé ao molho de alecrim,Marrom/Bege
Bife de contrafilé ao molho roti e ervilhas,Misto
Bife de contrafilé com alho,Marrom/Bege
Bife de contrafilé com molho argentino,Marrom/Bege
Bife de contrafilé com molho barbecue,Marrom/Bege
Bife de contrafilé com molho de alho,Marrom/Bege
Bife de contrafilé com molho de alho-poró,Marrom/Bege
Bife de contrafilé com molho de azeitonas,Marrom/Bege
Bife de contrafilé com molho de bacon,Marrom/Bege
Bife de contrafilé com molho de cogumelos,Marrom/Bege
Bife de contrafilé com molho de ervas,Marrom/Bege
Bife de contrafilé com molho de maçã,Marrom/Bege
Bife de contrafilé com molho ferrugem,Marrom/Bege
Bife de contrafilé com molho madeira,Marrom/Bege
Bife de contrafilé com molho roti,Marrom/Bege
Bife de contrafilé com molho shoyo,Marrom/Bege
Bife de contrafilé com molho shoyu,Marrom/Bege
Bife de contrafilé com molho vinagrete,Misto
Bife de contrafilé com shoyu,Marrom/Bege
Bife de contrafilé grelhado,Marrom/Bege
Bife de contrafilé grelhado com molho barbecue,Marrom/Bege
Bife de lombo,Marrom/Bege
Bife de panela,Marrom/Bege
Bife de panela (coxão duro),Marrom/Bege
Bife de panela (miolo de alcatra),Marrom/Bege
Bife de panela à brasileira (milho e ervilha),Misto
Bife de panela com calabresa,Marrom/Bege
Bife de pernil,Marrom/Bege
Bife de pernil ao molho de maçã,Marrom/Bege
Bife de pernil com molho de limão,Marrom/Bege
Bife grelhado,Marrom/Bege
Bife grelhado à fazendinha,Marrom/Bege
Bife grelhado acebolado,Marrom/Bege
Bife grelhado acebolado (contra filé),Marrom/Bege
Bife grelhado acebolado (contra-filé),Marrom/Bege
Bife grelhado ao molho argentino,Marrom/Bege
Bife grelhado ao molho caipira,Marrom/Bege
Bife grelhado ao molho champignon,Marrom/Bege
Bife grelhado ao molho de champignon,Marrom/Bege
Bife grelhado ao molho de cogumelo,Marrom/Bege
Bife grelhado ao molho de ervas,Marrom/Bege
Bife grelhado ao molho de maionese,Misto
Bife grelhado ao molho especial,Marrom/Bege
Bife grelhado ao molho madeira,Marrom/Bege
Bife grelhado ao molho roti,Marrom/Bege
Bife grelhado ao molho roty,Marrom/Bege
Bife grelhado com molho argentino,Marrom/Bege
Bife grelhado com molho de azeitonas,Marrom/Bege
Bife grelhado com molho de champignon,Marrom/Bege
Bife grelhado com molho de cogumelos,Marrom/Bege
Bife grelhado com molho especial,Marrom/Bege
Bife grelhado com molho madeira,Marrom/Bege
Bife grelhado com molho roti,Marrom/Bege
Bife ouro branco (miolo de alcatra),Marrom/Bege
Bife suíno ao m. roty (pernil),Marrom/Bege
Bisteca acebolada,Marrom/Bege
Bisteca ao molho barbecue,Marrom/Bege
Bisteca ao molho de abacaxi,Marrom/Bege
Bisteca ao molho de limão,Marrom/Bege
Bisteca ao molho madeira,Marrom/Bege
Bisteca assada,Marrom/Bege
Bisteca suína,Marrom/Bege
Bisteca suína acebolada,Marrom/Bege
Bisteca suína ao molho de limão,Marrom/Bege
Bisteca suína com molho barbecue,Marrom/Bege
Bobó de frango,Marrom/Bege
Bobó de frango (contém lactose),Marrom/Bege
Bolo de carne moída,Marrom/Bege
Calabresa acebolada,Vermelho
Calabresa ao molho sugo,Vermelho
Carne à chinesa,Misto
Carne à oriental,Marrom/Bege
Carne assada,Marrom/Bege
Carne assada (lagarto),Marrom/Bege
Carne assada acebolada,Marrom/Bege
Carne assada ao molho de cebola,Marrom/Bege
Carne assada ao molho de ervas,Marrom/Bege
Carne assada ao molho madeira,Marrom/Bege
Carne assada ao molho roti,Marrom/Bege
Carne assada ao molho roty,Marrom/Bege
Carne assada com cogumelos,Marrom/Bege
Carne assada com molho agridoce,Marrom/Bege
Carne assada com molho argentino,Marrom/Bege
Carne assada com molho chimichurri,Marrom/Bege
Carne assada com molho cítrico,Marrom/Bege
Carne assada com molho de alecrim,Marrom/Bege
Carne assada com molho de alho-poró,Marrom/Bege
Carne assada com molho de ameixas,Marrom/Bege
Carne assada com molho de champignon,Marrom/Bege
Carne assada com molho de cogumelo,Marrom/Bege
Carne assada com molho de ervas,Marrom/Bege
Carne assada com molho de especiarias,Marrom/Bege
Carne assada com molho de tomate,Misto
Carne assada com molho de vinho,Marrom/Bege
Carne assada com molho ferrugem,Marrom/Bege
Carne assada com molho madeira,Marrom/Bege
Carne assada com molho picante,Marrom/Bege
Carne assada com molho roti,Marrom/Bege
Carne assada com molho roty,Marrom/Bege
Carne corada com pimentão e cebola,Misto
Carne cubos com argentino,Marrom/Bege
Carne de panela,Marrom/Bege
Carne de panela acebolada,Marrom/Bege
Carne de panela ao molho argentino,Marrom/Bege
Carne de panela ao molho roty,Marrom/Bege
Carne de panela com batata,Misto
Carne de panela com batatas,Misto
Carne de panela com legumes,Misto
Carne em cubos,Marrom/Bege
Carne em cubos à brasileira,Misto
Carne em cubos à chinesa,Misto
Carne em cubos acebolada,Marrom/Bege
Carne em cubos ao molho de cebola,Marrom/Bege
Carne em cubos ao molho madeira,Marrom/Bege
Carne em cubos ao molho roti,Marrom/Bege
Carne em cubos ao molho vinagrete,Marrom/Bege
Carne em cubos ao sugo,Misto
Carne em cubos com batatas,Misto
Carne em cubos com calabresa,Marrom/Bege
Carne em cubos com legumes,Misto
Carne em cubos com linguiça calabresa,Misto
Carne em cubos com mandioca,Misto
Carne em cubos com mandioquinha,Misto
Carne em cubos com molho ao sugo,Misto
Carne em cubos com molho branco,Misto
Carne em cubos com molho champignon,Marrom/Bege
Carne em cubos com molho de ervas,Marrom/Bege
Carne em cubos com molho de ervilha,Marrom/Bege
Carne em cubos com molho de mostarda,Misto
Carne em cubos com molho de vinho,Marrom/Bege
Carne em cubos com molho ferrugem,Marrom/Bege
Carne em cubos com molho italiano,Misto
Carne em cubos com molho madeira,Marrom/Bege
Carne em cubos com molho picante,Marrom/Bege
Carne em cubos com molho pomodoro,Misto
Carne em cubos com molho roti,Marrom/Bege
Carne em cubos com molho vinagrete,Misto
Carne em cucos ao tomatelli,Misto
Carne em iscas,Marrom/Bege
Carne em iscas aceboladas,Marrom/Bege
Carne em iscas com molho argentino,Marrom/Bege
Carne em tiras,Marrom/Bege
Carne em tiras à chinesa,Misto
Carne em tiras à cigana,Marrom/Bege
Carne em tiras à milanesa,Marrom/Bege
Carne em tiras aceboladas,Marrom/Bege
Carne em tiras com cogumelos,Marrom/Bege
Carne em tiras com molho de alecrim,Marrom/Bege
Carne em tiras com molho de azeitona,Marrom/Bege
Carne em tiras com molho de pimentões,Misto
Carne em tiras empanadas,Marrom/Bege
Carne louca,Marrom/Bege
Carne moida,Marrom/Bege
Carne moída,Marrom/Bege
Carne moída à fantasia,Marrom/Bege
Carne moída à primavera,Misto
Carne moida ao m. azeitonas (miolo da paleta),Marrom/Bege
Carne moída ao sugo,Misto
Carne moída com alho-poró,Marrom/Bege
Carne moída com azeitona,Marrom/Bege
Carne moída com azeitona (patinho),Marrom/Bege
Carne moída com azeitona e tomate,Marrom/Bege
Carne moída com azeitonas,Marrom/Bege
Carne moída com batata,Misto
Carne moida com batata (miolo de paleta),Misto
Carne moída com cenoura e milho,Misto
Carne moída com cenoura e vagem,Misto
Carne moída com legumes,Misto
Carne moída com molho,Marrom/Bege
Carne moída com molho roti,Marrom/Bege
Carne moída com moyashi,Marrom/Bege
Carne moída com pimentões,Misto
Carne moída com tomate,Misto
Carne moída m. de azeitonas (miolo da paleta),Marrom/Bege
Carne moída refogada,Marrom/Bege
Carne picada,Marrom/Bege
Carne picada com cogumelos,Marrom/Bege
Carne picada com especiarias,Marrom/Bege
Carne picada com legumes,Misto
Carne picada com molho de cogumelos,Marrom/Bege
Carne picada com molho de especiarias,Marrom/Bege
Carne picada com molho de tomate,Misto
Carne picado com linguiça calabresa,Marrom/Bege
Chop suey de lombo,Marrom/Bege
Contra filé acebolado,Marrom/Bege
Contra filé ao alho,Marrom/Bege
Contrafilé assado com molho barbecue,Marrom/Bege
Contrafilé assado com molho shoyu,Marrom/Bege
Contrafilé com molho roti,Marrom/Bege
Contrafilé com molho vinagrete,Marrom/Bege
Contrafilé em tiras aceboladas,Marrom/Bege
Copa lombo à california,Marrom/Bege
Copa lombo acebolado,Marrom/Bege
Copa lombo ao molho barbecue,Marrom/Bege
Copa lombo ao molho de abacaxi,Marrom/Bege
Copa lombo ao molho de laranja,Marrom/Bege
Copa lombo ao molho de limão,Marrom/Bege
Copa lombo ao molho de maçã,Marrom/Bege
Copa lombo ao vinagrete,Marrom/Bege
Copa lombo assado com molho ferrugem,Marrom/Bege
Copa lombo com molho agridoce,Marrom/Bege
Copa lombo com molho barbecue,Marrom/Bege
Copa lombo com molho califórnia,Marrom/Bege
Copa lombo com molho cítrico,Marrom/Bege
Copa lombo com molho de abacaxi,Marrom/Bege
Copa lombo com molho de alecrim,Marrom/Bege
Copa lombo com molho de alho poró,Marrom/Bege
Copa lombo com molho de cítrico,Marrom/Bege
Copa lombo com molho de limão,Marrom/Bege
Copa lombo com molho de maracujá,Marrom/Bege
Copa lombo com molho de mostarda,Marrom/Bege
Copa lombo com molho de pimentão,Misto
Copa lombo com molho de vinho,Marrom/Bege
Copa lombo com molho ferrugem,Marrom/Bege
Copa lombo com molho roti,Marrom/Bege
Copa lombo com molho roty,Marrom/Bege
Copa lombo com molho vinagrete,Marrom/Bege
Coxa de frango,Marrom/Bege
Coxa de frango assada com molho ao sugo,Marrom/Bege
Coxa de frango em cubos,Marrom/Bege
Coxa e sobrecoxa assada com molho curry,Marrom/Bege
Coxa e sobrecoxa com molho carbonara,Marrom/Bege
Coxa e sobrecoxa com molho de tomates,Misto
Coxa e sobrecoxa de franco à passarinho,Marrom/Bege
Coxa e sobrecoxa de frango à passarinho,Marrom/Bege
Coxa e sobrecoxa de frango ao sugo,Misto
Coxa e sobrecoxa de frango assado,Marrom/Bege
Coxa e sobrecoxa de frango com alho,Marrom/Bege
Coxa e sobrecoxa de frango com molho à caçadora,Marrom/Bege
Coxa e sobrecoxa de frango com molho cítrico,Marrom/Bege
Coxa e sobrecoxa de frango com molho de azeitona,Marrom/Bege
Coxa e sobrecoxa de frango com molho de ervas,Marrom/Bege
Coxa e sobrecoxa de frango com molho de laranja,Marrom/Bege
Coxa e sobrecoxa de frango com molho de pimentão,Misto
Coxa e sobrecoxa de frango com molho de salsão,Marrom/Bege
Coxa e sobrecoxa de frango com molho laranja,Marrom/Bege
Coxa e sobrecoxa de frango frito,Marrom/Bege
Coxa sobrecoxa de frango,Marrom/Bege
Coxa sobrecoxa de frango assado,Marrom/Bege
Cozido bovino com legumes,Misto
Cubos ao molho de mostarda,Marrom/Bege
Cubos ao molho roti,Marrom/Bege
Cubos bovinos ao molho mostarda,Marrom/Bege
Cubos bovinos ao molho roti,Marrom/Bege
Cubos bovinos com legumes,Misto
Cubos de carne,Marrom/Bege
Cubos de carne à chinesa,Misto
Cubos de carne a pomodoro,Misto
Cubos de carne à pomodoro,Misto
Cubos de carne à primavera,Misto
Cubos de carne ao vinagrete,Marrom/Bege
Cubos de carne com abóbora,Misto
Cubos de carne com calabresa,Marrom/Bege
Cubos de carne com cebolas em pétalas,Marrom/Bege
Cubos de carne com linguiça calabresa,Marrom/Bege
Cubos de carne com mandioca,Misto
Cubos de carne com molho argentino,Marrom/Bege
Cubos de carne com molho de bacon,Marrom/Bege
Cubos de carne com molho de ervilha,Misto
Cubos de carne com molho madeira,Marrom/Bege
Cubos de carne com molho roti,Marrom/Bege
Cubos de coxa de frango assada,Marrom/Bege
Cubos de filé de coxa assada,Marrom/Bege
Cubos de filé de coxa assado,Marrom/Bege
Cubos de frango à brasileira,Marrom/Bege
Cubos de frango com molho de abacaxi,Marrom/Bege
Cubos de frango com molho de ervilha,Marrom/Bege
Cubos de frango com molho de laranja,Marrom/Bege
Cubos de frango com vinagrete,Marrom/Bege
Cubos de peito de frango à primavera,Misto
Cubos de peito de frango com molho de pimentões,Misto
Cubos de peito frango com molho shoyo,Marrom/Bege
Cubos suíno ao m. barbecue (lombo),Marrom/Bege
Cubos suínos,Marrom/Bege
Cubos suínos ao m. escuro (pernil),Marrom/Bege
Cupim acebolado,Marrom/Bege
Cupim ao molho madeira,Marrom/Bege
Cupim assado,Marrom/Bege
Cupim assado com molho apimentado,Marrom/Bege
Cupim assado com molho de abacaxi,Marrom/Bege
Cupim assado com molho de limão,Marrom/Bege
Cupim assado com molho escuro,Marrom/Bege
Cupim assado com molho ferrugem,Marrom/Bege
Cupim assado com molho madeira,Marrom/Bege
Cupim assado com molho roti,Marrom/Bege
Cupim assado com vinagrete,Marrom/Bege
Cupim com molho argentino,Marrom/Bege
Cupim com molho barbecue,Marrom/Bege
Cupim com molho de alecrim,Marrom/Bege
Cupim com molho de ameixa,Marrom/Bege
Cupim com molho de cogumelo,Marrom/Bege
Cupim com molho de especiarias,Marrom/Bege
Cupim com molho de frutas,Marrom/Bege
Cupim com molho escuro,Marrom/Bege
Cupim com molho ferrugem,Marrom/Bege
Cupim com molho madeira,Marrom/Bege
Cupim com molho mostarda,Marrom/Bege
Cupim com molho roti,Marrom/Bege
Cupim com molho roti e salsão,Marrom/Bege
Empanado de frango,Marrom/Bege
Empanado de peixe,Marrom/Bege
Escalope de carne,Marrom/Bege
Escalope de frango,Marrom/Bege
Escondidinho caipira,Misto
Escondidinho de carne,Misto
Escondidinho de carne moída,Misto
Escondidinho de frango,Misto
Espeto de carne,Marrom/Bege
Espeto de frango,Marrom/Bege
Espeto de peito de frango com cebola e pimentões,Misto
Estrogonofe,Amarelo/Laranja
Estrogonofe de carne,Amarelo/Laranja
Estrogonofe de frango,Amarelo/Laranja
Feijoada,Roxo/preto
Filé de coxa,Marrom/Bege
Filé de coxa à pizzaiolo,Misto
Filé de coxa asado,Marrom/Bege
Filé de coxa assado,Marrom/Bege
Filé de coxa assado com molho carbonara,Marrom/Bege
Filé de coxa com molho argentino,Marrom/Bege
Filé de coxa com molho azeitonas,Marrom/Bege
Filé de coxa com molho barbecue,Marrom/Bege
Filé de coxa com molho califórnia,Marrom/Bege
Filé de coxa com molho curry,Marrom/Bege
Filé de coxa com molho de alho-poró,Marrom/Bege
Filé de coxa com molho de azeitona,Marrom/Bege
Filé de coxa com molho de bacon,Marrom/Bege
Filé de coxa com molho de cebola,Marrom/Bege
Filé de coxa com molho de ervilha,Marrom/Bege
Filé de coxa com molho de ferrugem,Marrom/Bege
Filé de coxa com molho de mostarda,Marrom/Bege
Filé de coxa com molho de salsão,Marrom/Bege
Filé de coxa com molho de suíço,Marrom/Bege
Filé de coxa com molho mostarda,Marrom/Bege
Filé de coxa com molho parisiense,Marrom/Bege
Filé de coxa com molho roti e salsão,Marrom/Bege
Filé de coxa com molho suíço,Marrom/Bege
Filé de coxa com olho de salsão,Marrom/Bege
Filé de coxa com vinagrete,Marrom/Bege
Filé de coxa de frango acebolada,Marrom/Bege
Filé de coxa de frango assada,Marrom/Bege
Filé de coxa de frango assado,Marrom/Bege
Filé de coxa de frango assado com curry,Marrom/Bege
Filé de coxa de frango com ervas aromáticas,Marrom/Bege
Filé de coxa de frango com molho barbecue,Marrom/Bege
Filé de coxa de frango com molho caipira,Marrom/Bege
Filé de coxa de frango com molho curry,Marrom/Bege
Filé de coxa de frango com molho de alho-poró,Marrom/Bege
Filé de coxa de frango com molho de ervas,Marrom/Bege
Filé de coxa de frango com molho de ervilha,Marrom/Bege
Filé de coxa de frango com molho de laranja,Marrom/Bege
Filé de coxa de frango com molho de manjericão,Marrom/Bege
Filé de coxa de frango com molho de maracujá,Marrom/Bege
Filé de coxa de frango com molho de mostarda,Marrom/Bege
Filé de coxa de frango com molho de salsão,Marrom/Bege
Filé de coxa de frango com molho ferrugem,Marrom/Bege
Filé de coxa de frango com molho mostarda,Marrom/Bege
Filé de coxa de frango com molho parisiense,Marrom/Bege
Filé de coxa de frango com molho roti,Marrom/Bege
Filé de coxa de frango com molho shoyo,Marrom/Bege
Filé de coxa de frango com molho suíço,Marrom/Bege
Filé de coxa de frango com moyashi,Marrom/Bege
Filé de coxa de frango grelhado,Marrom/Bege
Filé de coxa e sobrecoxa de frango com molho mostarda,Marrom/Bege
Filé de coxa grelhada,Marrom/Bege
File de coxa grelhado,Marrom/Bege
Filé de coxa grelhado,Marrom/Bege
Filé de frango,Marrom/Bege
Filé de frango à caipira,Marrom/Bege
Filé de frango à moda oriental,Marrom/Bege
Filé de frango à parmegiana,Marrom/Bege
Filé de frango à pizzaiollo,Misto
Filé de frango à pizzaiolo,Misto
Filé de frango à pomodoro,Misto
Filé de frango acebolado,Marrom/Bege
Filé de frango ao moho ferrugem,Marrom/Bege
Filé de frango ao molho argentino,Marrom/Bege
Filé de frango ao molho branco,Marrom/Bege
Filé de frango ao molho caipira,Marrom/Bege
Filé de frango ao molho de cogumelos,Marrom/Bege
File de frango ao molho de mostarda,Marrom/Bege
Filé de frango ao molho de mostarda,Marrom/Bege
Filé de frango ao molho ferrugem,Marrom/Bege
Filé de frango ao molho mostarda,Marrom/Bege
Filé de frango ao molho pizzaiolo,Misto
Filé de frango ao vinagrete,Marrom/Bege
Filé de frango assado,Marrom/Bege
Filé de frango com cogumelos,Marrom/Bege
Filé de frango com molho cítrico,Marrom/Bege
Filé de frango com molho de azeitonas,Marrom/Bege
Filé de frango com molho de bacon,Marrom/Bege
Filé de frango com molho de cebola,Marrom/Bege
Filé de frango com molho de cogumelo,Marrom/Bege
Filé de frango com molho de cogumelos,Marrom/Bege
Filé de frango com molho de ervas,Marrom/Bege
Filé de frango com molho de laranja,Marrom/Bege
Filé de frango com molho de maçã,Marrom/Bege
Filé de frango com molho de maracujá,Marrom/Bege
Filé de frango com molho de mostarda,Marrom/Bege
Filé de frango com molho de tomate,Misto
Filé de frango com molho fazendinha,Marrom/Bege
Filé de frango com molho ferrugem,Marrom/Bege
Filé de frango com molho mostarda,Marrom/Bege
Filé de frango com molho parisiense,Marrom/Bege
Filé de frango com molho rose,Marrom/Bege
Filé de frango com molho rosé,Marrom/Bege
Filé de frango com molho roti,Marrom/Bege
Filé de frango com molho roty,Marrom/Bege
Filé de frango com molho shoyu,Marrom/Bege
Filé de frango com molho suíço,Marrom/Bege
Filé de frango com vinagrete,Marrom/Bege
Filé de frango de coxa de frango grelhado,Marrom/Bege
Filé de frango empanado,Marrom/Bege
Filé de frango empanado ao molho rosê,Marrom/Bege
Filé de frango empanado ao tomatelli,Misto
File de frango grelhado,Marrom/Bege
Filé de frango grelhado,Marrom/Bege
Filé de frango grelhado ao molho rosé,Marrom/Bege
Filé de frango grelhado com molho de ervas,Marrom/Bege
Filé de merluza à portuguesa,Marrom/Bege
Filé de merluza ao molho de ervas,Marrom/Bege
Filé de merluza empanado,Marrom/Bege
Filé de merluza frito,Marrom/Bege
Filé de peito de frango à caçadora,Marrom/Bege
Filé de peito de frango á milanesa,Marrom/Bege
Filé de peito de frango à milanesa,Marrom/Bege
Filé de peito de frango à pizzaiolo,Misto
Filé de peito de frango à pomodoro,Marrom/Bege
Filé de peito de frango ao molho mostarda,Marrom/Bege
Filé de peito de frango com molho barbecue,Marrom/Bege
Filé de peito de frango com molho caçadora,Marrom/Bege
Filé de peito de frango com molho caipira,Marrom/Bege
Filé de peito de frango com molho cítrico,Marrom/Bege
Filé de peito de frango com molho de abacaxi,Marrom/Bege
Filé de peito de frango com molho de alecrim,Marrom/Bege
Filé de peito de frango com molho de ameixa,Marrom/Bege
Filé de peito de frango com molho de azeitonas,Marrom/Bege
Filé de peito de frango com molho de cogumelo,Marrom/Bege
Filé de peito de frango com molho de ervas,Marrom/Bege
Filé de peito de frango com molho de ervilha,Marrom/Bege
Filé de peito de frango com molho de laranja,Marrom/Bege
Filé de peito de frango com molho de limão,Marrom/Bege
Filé de peito de frango com molho de manga,Marrom/Bege
Filé de peito de frango com molho de manjericão,Marrom/Bege
Filé de peito de frango com molho de maracujá,Marrom/Bege
Filé de peito de frango com molho de mostarda,Marrom/Bege
Filé de peito de frango com molho de moyashi,Marrom/Bege
Filé de peito de frango com molho de pimentão,Misto
Filé de peito de frango com molho de vinho,Marrom/Bege
Filé de peito de frango com molho ferrugem,Marrom/Bege
Filé de peito de frango com molho mostarda,Marrom/Bege
Filé de peito de frango com molho rosé,Marrom/Bege
Filé de peito de frango com molho roti,Marrom/Bege
Filé de peito de frango com molho shoyo,Marrom/Bege
Filé de peito de frango com molho vinagrete,Marrom/Bege
Filé de peito de frango empanado,Marrom/Bege
Filé de peito de frango grelhado,Marrom/Bege
Filé de peito de frango grelhado acebolado,Marrom/Bege
Filé de peito de frango grelhado com molho curry,Marrom/Bege
Filé de peito de frango grelhado com molho de cebolas,Marrom/Bege
Filé de peito de frango grelhado com molho de queijo,Misto
Filé de peito de frango grelhado com molho de queijo e orégano,Misto
Filé de peito de peru ao molho califórnia,Marrom/Bege
Filé de peito de peru c/ molho califórnia,Marrom/Bege
Filé de peito de peru com molho de palmito,Marrom/Bege
Filé de peixe à baiana,Marrom/Bege
Filé de peixe à dore (merluza),Marrom/Bege
Filé de peixe à escabeche,Marrom/Bege
Filé de peixe à parmegiana,Marrom/Bege
Filé de peixe à pomodoro,Marrom/Bege
Filé de peixe à portuguesa,Marrom/Bege
Filé de peixe ao molho escabeche,Marrom/Bege
Filé de peixe ao molho rose,Marrom/Bege
Filé de peixe assado,Marrom/Bege
Filé de peixe assado com molho à portuguesa,Marrom/Bege
Filé de peixe com molho baiano,Marrom/Bege
Filé de peixe com molho de mostarda,Marrom/Bege
Filé de peixe com molho de tomate,Marrom/Bege
Filé de peixe com molho escabeche,Marrom/Bege
Filé de peixe com molho mostarda,Marrom/Bege
Filé de peixe dourado,Marrom/Bege
Filé de peixe frito,Marrom/Bege
Filé de peixe grelhado com molho de limão,Marrom/Bege
Filé de sobrecoxa,Marrom/Bege
Filé de sobrecoxa à passarinho,Marrom/Bege
Filé de sobrecoxa à pomodoro,Marrom/Bege
Filé de sobrecoxa ao creme de cebola,Marrom/Bege
Filé de sobrecoxa ao curry,Marrom/Bege
Filé de sobrecoxa ao molho de cebola,Marrom/Bege
Filé de sobrecoxa ao molho inglês,Marrom/Bege
Filé de sobrecoxa ao pomodoro,Marrom/Bege
Filé de sobrecoxa assada,Marrom/Bege
Filé de sobrecoxa assado,Marrom/Bege
Filé de sobrecoxa com creme de cebola,Marrom/Bege
Filé de tilápia à baiana,Marrom/Bege
Filé de tilápia à milanesa,Marrom/Bege
Filé de tilápia assado,Marrom/Bege
Filé de tilápia com molho à baiana,Marrom/Bege
Filé de tilápia com molho de limão,Marrom/Bege
Filé de tilápia com molho de tomate,Misto
Filé de tilápia com pimentões,Misto
Filé de tilápia dourado,Marrom/Bege
Filé de tilápia empanado,Marrom/Bege
Filé frango empanado ao molho de mostarda,Marrom/Bege
Filé peixe ao forno,Marrom/Bege
Frango à brasileira,Marrom/Bege
Frango à copacabana,Marrom/Bege
Frango à marguerita,Marrom/Bege
Frango à mexicana,Misto
Frango à milanesa,Marrom/Bege
Frango à milanesa (contem glúten),Marrom/Bege
Frango à milanesa (contém glúten),Marrom/Bege
Frango à milanesa (glúten),Marrom/Bege
Frango à milanesa(contém glúten),Marrom/Bege
Frango a moda caipira,Marrom/Bege
Frango à moda caipira,Marrom/Bege
Frango à oriental,Marrom/Bege
Frango à passarinho,Marrom/Bege
Frango à pizzaiolo,Misto
Frango à provençal,Marrom/Bege
Frango à rolê,Marrom/Bege
Frango acebolado (filé de sobrecoxa),Marrom/Bege
Frango ao forno,Marrom/Bege
Frango ao forno com alecrim,Marrom/Bege
Frango ao molho bechamel,Marrom/Bege
Frango ao molho chinês,Marrom/Bege
Frango ao molho de mostarda,Marrom/Bege
Frango ao molho primavera,Misto
Frango ao molho sugo,Marrom/Bege
Frango ao sugo,Marrom/Bege
Frango assado,Marrom/Bege
Frango assado acebolado,Marrom/Bege
Frango assado com molho caipira,Marrom/Bege
Frango assado com molho carbonara,Marrom/Bege
Frango assado com molho curry,Marrom/Bege
Frango assado com molho de ervas,Marrom/Bege
Frango assado com molho de mostarda,Marrom/Bege
Frango assado com molho de tomate,Misto
Frango assado com molho de tomates,Misto
Frango assado escabelado,Marrom/Bege
Frango caipira,Marrom/Bege
Frango com molho de alho,Marrom/Bege
Frango com molho de ervilhas,Marrom/Bege
Frango com molho de laranja,Marrom/Bege
Frango com quiabo,Misto
Frango com quiabo (file de peito de frango),Misto
Frango crocante,Marrom/Bege
Frango crocante (contém glúten),Marrom/Bege
Frango crocante (glúten),Marrom/Bege
Frango desfiado,Marrom/Bege
Frango desfiado ao molho sugo,Misto
Frango em cubos,Marrom/Bege
Frango em cubos à caçadora,Marrom/Bege
Frango em tiras,Marrom/Bege
Frango em tiras à caipira,Marrom/Bege
Frango em tiras com molho de cogumelos,Marrom/Bege
Frango em tiras com molho de ervilhas,Marrom/Bege
Frango em tiras com molho rosé,Marrom/Bege
Frango em tiras com molho shoyu,Marrom/Bege
Frango em tiras com molho shoyu e cebola,Marrom/Bege
Frango em tiras empanadas,Marrom/Bege
Frango empanado,Marrom/Bege
Frango escabelado,Marrom/Bege
Frango grelhado,Marrom/Bege
Frango grelhado ao molho de mostarda,Marrom/Bege
Frango na panela,Marrom/Bege
Frango teriaki,Marrom/Bege
Frango xadrez,Marrom/Bege
Fricasse de frango,Marrom/Bege
Fricassé de frango,Marrom/Bege
Fricassê de frango,Marrom/Bege
Fricassê de frango (contém lactose),Marrom/Bege
Fricassê de frango (lactose),Marrom/Bege
Goulash,Misto
Goulash (miolo da paleta),Misto
Guisado,Misto
Hambúrguer,Marrom/Bege
Hambúrguer à carbonara,Marrom/Bege
Hambúrguer à napolitana,Marrom/Bege
Hamburguer à pizzaiolo,Misto
Hambúrguer a pizzaiolo,Misto
Hambúrguer à pizzaiolo,Misto
Hambúrguer a pizzaiolo (contem lactose),Misto
Hambúrguer acebolado,Marrom/Bege
Hambúrguer ao molho barbecue,Marrom/Bege
Hambúrguer ao molho de mostarda e queijo,Misto
Hambúrguer ao molho de mostarda e queijos,Misto
Hambúrguer ao molho de queijo,Misto
Hamburguer ao molho de queijo e mostarda,Misto
Hambúrguer ao molho de queijo e mostarda,Misto
Hambúrguer ao molho ferrugem,Marrom/Bege
Hamburguer ao molho italiano,Marrom/Bege
Hambúrguer ao molho italiano,Marrom/Bege
Hambúrguer ao molho pizzaiolo,Misto
Hambúrguer ao molho roty,Marrom/Bege
Hambúrguer ao molho sugo,Misto
Hambúrguer ao sugo,Misto
Hambúrguer ao tomatelli,Misto
Hambúrguer assado,Marrom/Bege
Hambúrguer com cebola e azeitona,Marrom/Bege
Hambúrguer com molho americano,Marrom/Bege
Hambúrguer com molho barbecue,Marrom/Bege
Hambúrguer com molho de mostarda,Marrom/Bege
Hambúrguer com molho de tomate,Marrom/Bege
Hambúrguer com molho de vinho,Marrom/Bege
Hambúrguer com molho ferrugem,Marrom/Bege
Hambúrguer com molho napolitano,Marrom/Bege
Hambúrguer com molho pizzaiolo,Misto
Hambúrguer com molho pomodoro,Misto
Hambúrguer com molho roti,Marrom/Bege
Hambúrguer com molho vinagrete,Marrom/Bege
Hamburguer com vinagrete,Marrom/Bege
Hambúrguer de forno,Marrom/Bege
Hamburguer grelhado,Marrom/Bege
Hambúrguer grelhado,Marrom/Bege
Hambúrguer pizzaiolo (contém lactose),Misto
Isca ao molho ferrugem,Marrom/Bege
Isca bovina acebolada,Marrom/Bege
Isca bovina ao molho madeira,Marrom/Bege
Isca bovina ao molho rotti,Marrom/Bege
Isca chinesa,Misto
Isca de carne,Marrom/Bege
Isca de carne à chinesa,Misto
Isca de carne à moda chinesa,Misto
Isca de carne à moda oriental,Marrom/Bege
Isca de carne à primavera,Misto
Isca de carne acebolada,Marrom/Bege
Isca de carne ao molho especial,Marrom/Bege
Isca de carne ao molho roty,Marrom/Bege
Isca de carne ao sugo,Misto
Isca de carne ao vinagrete,Marrom/Bege
Isca de carne chinesa,Misto
Isca de carne com molho ferrugem,Marrom/Bege
Isca de carne com pimentões,Misto
Isca de frango,Marrom/Bege
Isca de frango à milanesa,Marrom/Bege
Isca de frango à milanesa (contém glúten),Marrom/Bege
Isca de frango à moda chinesa,Misto
Isca de frango à moda oriental,Marrom/Bege
Isca de frango ao creme de cebola,Marrom/Bege
Isca de frango com molho cítrico,Marrom/Bege
Isca de frango com molho de abacaxi,Marrom/Bege
Isca de frango com molho vinagrete,Marrom/Bege
Isca de frango grelhada,Marrom/Bege
Isca de frango grelhado,Marrom/Bege
Isca de peixe frito,Marrom/Bege
Iscas a chinesa,Misto
Iscas ao molho de bacon,Marrom/Bege
Iscas ao molho de champignon,Marrom/Bege
Iscas bovinas com molho roty,Marrom/Bege
Iscas chinesa,Misto
Iscas de carne à chinesa,Misto
Iscas de carne à chinesa (contra filé),Misto
Iscas de carne à oriental,Marrom/Bege
Iscas de carne acebolada,Marrom/Bege
Iscas de carne aceboladas,Marrom/Bege
Iscas de carne ao molho barbecue,Marrom/Bege
Iscas de carne ao molho chinês,Marrom/Bege
Iscas de carne ao vinagrete,Marrom/Bege
Iscas de carne chinesa,Misto
Iscas de carne com calabresa,Marrom/Bege
Iscas de carne com carne seca,Marrom/Bege
Iscas de carne com carne seca acebolada,Marrom/Bege
Iscas de carne com cogumelos,Marrom/Bege
Iscas de carne com linguiça calabresa e molho argentino,Marrom/Bege
"Iscas de carne com linguiça calabresa, molho e bacon",Marrom/Bege
Iscas de carne com molho de cogumelos,Marrom/Bege
Iscas de carne com molho de ervas,Marrom/Bege
Iscas de carne com molho de tomate,Misto
Iscas de carne com molho especial,Marrom/Bege
Iscas de carne com molho madeira,Marrom/Bege
Iscas de carne com molho roty,Marrom/Bege
Iscas de carne com seca,Marrom/Bege
Iscas de carne grelhadas,Marrom/Bege
Iscas de frango,Marrom/Bege
Iscas de frango à chinesa,Misto
Iscas de frango à milanesa,Marrom/Bege
Iscas de frango acebolada,Marrom/Bege
Iscas de frango aceboladas,Marrom/Bege
Iscas de frango ao m. mostarda (sassami),Marrom/Bege
Iscas de frango ao molho mostarda,Marrom/Bege
Iscas de frango ao molho primavera,Misto
Iscas de frango ao sugo,Marrom/Bege
Iscas de frango com molho à cigana,Marrom/Bege
Iscas de frango com molho aurora,Marrom/Bege
Iscas de frango com molho caipira,Marrom/Bege
Iscas de frango com molho de azeitonas,Marrom/Bege
Iscas de frango com molho de ervas,Marrom/Bege
Iscas de frango com molho de ervilha,Marrom/Bege
Iscas de frango com molho de maracujá,Marrom/Bege
Iscas de frango com molho shoyu,Marrom/Bege
Iscas de frango com vinagrete,Marrom/Bege
Iscas de merluza à milanesa,Marrom/Bege
Iscas grelhadas ao molho madeira,Marrom/Bege
Jardineira de carne moída,Misto
Lagarto à califórnia,Marrom/Bege
Lagarto à escabeche,Marrom/Bege
Lagarto à pomodoro,Misto
Lagarto ao m escuro (lagarto),Marrom/Bege
Lagarto ao molho barbecue,Marrom/Bege
Lagarto ao molho de champignon,Marrom/Bege
Lagarto ao molho de limão,Marrom/Bege
Lagarto ao molho de mostarda,Marrom/Bege
Lagarto ao molho ferrugem,Marrom/Bege
Lagarto ao molho italiano,Misto
Lagarto ao molho madeira,Misto
Lagarto ao molho roty,Marrom/Bege
Lagarto ao vinagrete,Marrom/Bege
Lagarto assado,Marrom/Bege
Lagarto assado ao molho de cogumelos,Marrom/Bege
Lagarto assado ao molho de ervas,Marrom/Bege
Lagarto assado ao molho madeira,Marrom/Bege
Lagarto assado ao molho roty,Marrom/Bege
Lagarto assado ao vinagrete,Marrom/Bege
Lagarto assado com molho de azeitonas,Marrom/Bege
Lagarto assado com molho de mostarda,Marrom/Bege
Lagarto assado com molho ferrugem,Marrom/Bege
Lagarto assado com molho madeira,Marrom/Bege
Lagarto assado com molho roti,Marrom/Bege
Lagarto assado com molho vinho,Marrom/Bege
Lagarto com molho à caçadora,Marrom/Bege
Lagarto com molho caipira,Marrom/Bege
Lagarto com molho de ameixa,Marrom/Bege
Lagarto com molho de cogumelo,Marrom/Bege
Lagarto com molho de ervas,Marrom/Bege
Lagarto com molho de ervilhas,Marrom/Bege
Lagarto com molho de ferrugem,Marrom/Bege
Lagarto com molho de moyashi,Marrom/Bege
Lagarto com molho de pimentões,Marrom/Bege
Lagarto com molho de salsão,Marrom/Bege
Lagarto com molho de vinho,Marrom/Bege
Lagarto com molho ferrugem,Marrom/Bege
Lagarto com molho madeira,Marrom/Bege
Lagarto com molho mostarda,Marrom/Bege
Lagarto com molho picante,Marrom/Bege
Lagarto com molho pimentão,Marrom/Bege
Lagarto com molho roti,Marrom/Bege
Lagarto com molho roty,Marrom/Bege
Lagarto com molho shoyo,Marrom/Bege
Lagarto em cubos,Marrom/Bege
Lagarto louco,Marrom/Bege
Lasanha,Misto
Lasanha a bolonhesa,Misto
Lasanha à bolonhesa,Misto
Lasanha de carne,Misto
Lasanha de carne com molho de tomates,Misto
Lasanha de carne moída,Misto
Linguiça acebolada,Vermelho
Lingüiça acebolada,Vermelho
Linguiça ao tomateli,Vermelho
Linguiça ao tomatelli,Vermelho
Lingüiça ao tomatelli,Vermelho
Linguiça ao vinagrete,Vermelho
Linguiça assada,Vermelho
Linguiça assada com molho vinagrete,Vermelho
Lingüiça assado,Vermelho
Linguiça com molho barbecue,Vermelho
Linguiça com molho de ervas,Vermelho
Linguiça com molho de vinagrete,Vermelho
Linguiça com molho picante,Vermelho
Linguiça com molho vinagrete,Vermelho
Linguiça com vinagrete,Vermelho
Linguiça de frango,Vermelho
Linguiça de frango à caipira,Vermelho
Lingüiça de frango acebolada,Vermelho
Linguiça de frango acebolado,Vermelho
Lingüiça de frango ao tomatelli,Vermelho
Lingüiça de frango com pimentão,Vermelho
Lingüiça de frango com pimentões,Vermelho
Linguiça de frango fininha,Vermelho
Lingüiça suína acebolada,Vermelho
Lingüiça suína ao tomatelli,Vermelho
Linguiça toscana,Vermelho
Lingüiça toscana,Vermelho
Linguiça toscana (contém glúten),Vermelho
Linguiça toscana acebolada,Vermelho
Lingüiça toscana acebolada,Vermelho
Linguiça toscana assada,Vermelho
Lombo à califórnia,Marrom/Bege
Lombo ao m. vinagrete (pernil),Marrom/Bege
Lombo ao molho barbacure,Marrom/Bege
Lombo ao molho barbecue,Marrom/Bege
Lombo ao molho barbecure,Marrom/Bege
Lombo ao molho de ervas,Marrom/Bege
Lombo ao molho de limão,Marrom/Bege
Lombo ao molho de roty,Marrom/Bege
Lombo ao molho roty,Marrom/Bege
Lombo ao shoyo,Marrom/Bege
Lombo ao shoyu,Marrom/Bege
Lombo assado,Marrom/Bege
Lombo assado ao molho barbecue,Marrom/Bege
Lombo assado ao molho de limão,Marrom/Bege
Lombo assado com abacaxi,Marrom/Bege
Lombo assado com molho de ameixa,Marrom/Bege
Lombo assado com molho de ervas,Marrom/Bege
Lombo assado com molho ferrugem,Marrom/Bege
Lombo com abacaxi,Marrom/Bege
Lombo com molho de abacaxi,Marrom/Bege
Lombo com molho de limão,Marrom/Bege
Lombo com molho de mostarda,Marrom/Bege
Lombo com molho ferrugem,Marrom/Bege
Lombo com molho roti,Marrom/Bege
Lombo desfiado,Marrom/Bege
Lombo desfiado com legumes,Marrom/Bege
Lombo louco,Marrom/Bege
Lombo suíno ao molho barbecue,Marrom/Bege
Lombo suíno ao molho de laranja,Marrom/Bege
Lombo suíno assado,Marrom/Bege
Lombo suíno desfiado,Marrom/Bege
Lombo suíno fatiado,Marrom/Bege
Merluza ao molho de alecrim,Marrom/Bege
Moqueca de peixe,Misto
Moqueca de peixe (merluza),Misto
Omelete,Amarelo/Laranja
Ovo frito,Amarelo/Laranja
Ovos à pomodoro,Amarelo/Laranja
Ovos fritos,Amarelo/Laranja
Ovos mexidos,Amarelo/Laranja
Panqueca de carne,Misto
Panqueca de carne moída,Misto
Panqueca de frango,Misto
Panqueca de frango com molho branco,Misto
Parmegiana de peixe (contem glúten e lactose),Misto
Parmegiana de peixe (contém glúten e lactose),Misto
Parmegiana de peixe (contém glúten),Misto
Parmegiana de peixe (contem lactose),Misto
Parmegiana de peixe (glúten e lactose),Misto
Parmegiana frango (contém lactose e glúten),Misto
Peito de frango ao sugo,Misto
Peito de frango em cubos com pimentão,Misto
Peito de frango grelhado,Marrom/Bege
Peixada ao leite de coco,Misto
Peixada com leite de coco,Misto
Peixada de leite de coco,Misto
Peixe à milanesa,Marrom/Bege
Peixe à moda conceição,Marrom/Bege
Peixe à portuguesa,Marrom/Bege
Peixe ao brás,Marrom/Bege
Peixe ao forno,Marrom/Bege
Peixe ao m. de espinafre (merluza),Marrom/Bege
Peixe ao m. de tomate com pimentões (tilápia),Misto
Peixe ao molho de espinafre,Misto
Peixe ao molho de queijos,Misto
Peixe assado,Marrom/Bege
Peixe assado à moda conceição,Marrom/Bege
Peixe assado à portuguesa,Marrom/Bege
Peixe assado com molho de ervas,Marrom/Bege
Peixe assado com molho de limão,Marrom/Bege
Peixe assado com molho de limão e ervas,Marrom/Bege
"Peixe com alho, alecrim e raspas de laranja",Marrom/Bege
Peixe com leite de coco,Marrom/Bege
Peixe com molho à portuguesa,Marrom/Bege
Peixe com molho de pimentões,Marrom/Bege
Peixe com molho mostarda,Marrom/Bege
Peixe crocante,Marrom/Bege
Peixe empanado,Marrom/Bege
Peixe frito,Marrom/Bege
Peixe oriental,Marrom/Bege
Pernil acebolado,Marrom/Bege
Pernil acebolado com molho barbecue,Marrom/Bege
Pernil ao molho barbecue,Marrom/Bege
Pernil ao molho de abacaxi,Marrom/Bege
Pernil ao molho de laranja,Marrom/Bege
Pernil ao molho roty,Marrom/Bege
Pernil assado,Marrom/Bege
Pernil assado ao vinagrete,Marrom/Bege
Pernil assado com abacaxi,Marrom/Bege
Pernil assado com maracujá,Marrom/Bege
Pernil assado com molho barbecue,Marrom/Bege
Pernil assado com molho de abacaxi,Marrom/Bege
Pernil assado com molho de frutas,Marrom/Bege
Pernil assado com molho de limão,Marrom/Bege
Pernil com abacaxi,Misto
Pernil com cebola e pimentão,Marrom/Bege
Pernil com molho barbecue,Marrom/Bege
Pernil com molho de limão,Marrom/Bege
Pernil desfiado,Marrom/Bege
Pernil desfiado acebolado,Marrom/Bege
Pernil em cubos,Marrom/Bege
Pernil em cubos acebolado,Marrom/Bege
Pernil louco,Marrom/Bege
Pernil suíno,Marrom/Bege
Pernil suíno acebolado,Marrom/Bege
Pernil suíno com molho barbecue,Marrom/Bege
Picadinho a brasileira,Misto
Picadinho à brasileira,Misto
Picadinho com mandioca,Misto
Picadinho de carne,Misto
Picadinho de carne com batatas,Misto
Picado de carne com calabresa,Misto
Quibe,Marrom/Bege
Quibe assado,Marrom/Bege
Quibe assado (contém glúten),Marrom/Bege
Quibe assado (glúten),Marrom/Bege
Quibe de assadeira,Marrom/Bege
Quibe de assadeira com queijo,Misto
Quibe de bandeja,Marrom/Bege
Quibe de forno,Marrom/Bege
Quibe pronto,Marrom/Bege
Quibe pronto assado,Marrom/Bege
Ragu de carne,Marrom/Bege
Rocambole de carne,Marrom/Bege
Rocambole de carne (contém gluten),Marrom/Bege
Rocambole de carne (contém glúten),Marrom/Bege
Rocambole de carne com queijo e cenoura,Misto
Rocambole de frango,Marrom/Bege
Rocambole recheado,Marrom/Bege
Rolê de frango,Marrom/Bege
Role de frango ao pomodoro,Marrom/Bege
Rolê de frango ao sugo,Marrom/Bege
Rolê de frango com molho de laranja,Marrom/Bege
Rolê de frango com molho de tomate,Misto
Rolê de frango com molho shoyo,Marrom/Bege
Salsicha,Vermelho
Salsicha ao sugo,Vermelho
Salsicha com molho americano,Vermelho
Salsicha com molho barbecue,Vermelho
Salsicha com molho de tomate,Vermelho
Salsicha com molho de tomate e cebola,Vermelho
Salsicha com molho de tomates,Vermelho
Salsicha com queijo e molho sugo,Misto
Sassami acebolado (sassami),Marrom/Bege
Sobrecoxa à pomodoro,Marrom/Bege
Sobrecoxa ao molho de ervas,Marrom/Bege
Sobrecoxa ao molho de hortelã,Marrom/Bege
Sobrecoxa ao molho de laranja,Marrom/Bege
Sobrecoxa ao molho pomodoro,Misto
Sobrecoxa assada,Marrom/Bege
Sobrecoxa com cebola,Marrom/Bege
Sobrecoxa de frango à califórnia,Marrom/Bege
Sobrecoxa de frango acebolada,Marrom/Bege
Sobrecoxa de frango com molho à caçadora,Marrom/Bege
Sobrecoxa de frango com molho caçadora,Marrom/Bege
Sobrecoxa de frango com molho de alecrim,Marrom/Bege
Sobrecoxa de frango com molho de azeitonas,Marrom/Bege
Sobrecoxa de frango com molho de ervas,Marrom/Bege
Sobrecoxa de frango com molho de ervilha,Marrom/Bege
Sobrecoxa de frango com molho de hortelã,Marrom/Bege
Sobrecoxa de frango com molho de salsão,Marrom/Bege
Sobrecoxa de frango com molho fazendinha,Marrom/Bege
Sobrecoxa de frango com molho ferrugem,Marrom/Bege
Sobrecoxa de frango com molho mostarda,Marrom/Bege
Steak,Marrom/Bege
Steak à pizzaiolo,Misto
Steak de frango,Misto
Steak de frango à pizzaiolo,Misto
Steak de frango ao molho pizzaiolo,Misto
Steak de frango ao molho sugo,Misto
Strogonof de carne,Amarelo/Laranja
Strogonof de frango,Amarelo/Laranja
Strogonofe de carne,Amarelo/Laranja
Strogonofe de frango,Amarelo/Laranja
Strogonoff de carne,Amarelo/Laranja
Strogonoff de carne (contém lactose),Amarelo/Laranja
Strogonoff de carne (lactose),Amarelo/Laranja
Strogonoff de frango,Amarelo/Laranja
Strogonoff de frango (contem lactose),Amarelo/Laranja
Strogonoff de frango (contém lactose),Amarelo/Laranja
Strogonoff de frango (lactose),Amarelo/Laranja
Tilapia à milanesa,Marrom/Bege
Tilápia à milanesa,Marrom/Bege
Tilápia frita,Marrom/Bege
Tiras bovinas ao molho de mostarda,Marrom/Bege
Tiras de carne à caçadora,Marrom/Bege
Tiras de carne à chinesa,Misto
Tiras de carne acebolada,Marrom/Bege
Tiras de carne com cogumelos,Marrom/Bege
Tiras de carne com molho ferrugem,Marrom/Bege
Tiras de carne com moyashi,Marrom/Bege
Tiras de carnes com molho de alho poró,Marrom/Bege
Tiras de frango com molho ervas,Marrom/Bege
Tiras de frango com molho rosé,Marrom/Bege
Tiras de frango com molho roti,Marrom/Bege
Tiras de peito de frango com molho cítrico,Marrom/Bege
Tiras de peixe à milanesa,Marrom/Bege
Torta a madalena,Misto
Torta à madalena,Misto
Torta madalena,Misto
Torta madalena de carne,Misto
Torta madalena de frango,Misto
Torta madalena de linguiça,Misto
Yakisoba,Misto
