Almôndega acebolada ao shoyo,bovina
Almôndega acebolada ao shoyu,bovina
Almôndega ao molho italiano,bovina
Almôndega ao sugo,bovina
Almôndega ao tomatelli,bovina
Almôndega assada,bovina
Almôndega bovina ao sugo,bovina
Almôndega com molho de tomate,bovina
Almondegas,bovina
Almôndegas acebolada,bovina
Almôndegas aceboladas,bovina
Almondegas ao molho,bovina
Almôndegas ao molho argentino,bovina
Almôndegas ao sugo,bovina
Almôndegas ao tomatelli,bovina
Almôndegas com molho argentino,bovina
Almôndegas com molho barbecue,bovina
Almôndegas com molho de tomate,bovina
Almôndegas com molho de tomate fresco,bovina
Almôndegas com molho de tomates,bovina
Almondegas com molho ferrugem,bovina
Almôndegas com molho ferrugem,bovina
Almôndegas com molho pomodoro,bovina
Almôndegas com molho roti,bovina
Almondegas com molho sugo,bovina
Almôndegas com molho sugo,bovina
Almôndegas de carne ao sugo,bovina
Almôndegas de carne com molho ao sugo,bovina
Assado de carne,bovina
Assado de carne ao molho ferrugem,bovina
Assado de carne com legumes,bovina
Bife à barbecue,bovina
Bife à caçadora,bovina
Bife à caçarole,bovina
Bife à caipira,bovina
Bife á chinesa,bovina
Bife a fricandoli,bovina
Bife a fricandolle,bovina
Bife a fricandolli,bovina
Bife à milanesa,bovina
Bife à parmegiana,bovina
Bife à pizzaiolo,bovina
Bife a rolê,bovina
Bife à role,bovina
Bife à rolê,bovina
Bife à rolê com bacon,bovina
Bife acebolado,bovina
Bife acebolado com molho de tomate,bovina
Bife ao molho argentino,bovina
Bife ao molho barbecue,bovina
Bife ao molho de azeitonas,bovina
Bife ao molho de bacon,bovina
Bife ao molho de cebola,bovina
Bife ao molho de ervilha,bovina
Bife ao molho de maionese,bovina
Bife ao molho de tomate picante,bovina
Bife ao molho especial,bovina
Bife ao molho fazendinha,bovina
Bife ao molho ferrugem,bovina
Bife ao molho madeira,bovina
Bife ao molho pizzaiolo,bovina
Bife ao molho roty,bovina
Bife com cebola e pimentão,bovina
Bife com molho acebolado,bovina
Bife com molho argentino,bovina
Bife com molho barbecue,bovina
Bife com molho com molho ferrugem,bovina
Bife com molho de alho,bovina
Bife com molho de alho-poró,bovina
Bife com molho de azeitonas,bovina
Bife com molho de bacon,bovina
Bife com molho de champignon,bovina
Bife com molho de cogumelo,bovina
Bife com molho de cogumelos,bovina
Bife com molho de curry,bovina
Bife com molho de ervas,bovina
Bife com molho de pimentões,bovina
Bife com molho de roti,bovina
Bife com molho de salsão,bovina
Bife com molho ferrugem,bovina
Bife com molho madeira,bovina
Bife com molho pomodoro,bovina
Bife com molho roti,bovina
Bife com molho roty,bovina
Bife com molho shoyo,bovina
Bife com pimentão e cebola,bovina
Bife com pimentões,bovina
Bife de alcatra acebolado,bovina
Bife de alcatra com molho shoyu,bovina
Bife de alcatra grelhado,bovina
Bife de alcatra grelhado acebolado,bovina
Bife de caçarola,bovina
Bife de caçarola acebolado,bovina
Bife de caçarola com milho e ervilhas,bovina
Bife de contra filé acebolado,bovina
Bife de contra filé ao molho roti,bovina
Bife de contra filé com molho argentino,bovina
Bife de contra filé com molho roti,bovina
Bife de contra filé grelhado,bovina
Bife de contrafilé,bovina
Bife de contrafilé à caçadora,bovina
Bife de contrafilé à parmegiana,bovina
Bife de contrafilé acebolado,bovina
Bife de contrafilé ao alho,bovina
Bife de contrafilé ao molho de alecrim,bovina
Bife de contrafilé ao molho roti e ervilhas,bovina
Bife de contrafilé com alho,bovina
Bife de contrafilé com molho argentino,bovina
Bife de contrafilé com molho barbecue,bovina
Bife de contrafilé com molho de alho,bovina
Bife de contrafilé com molho de alho-poró,bovina
Bife de contrafilé com molho de azeitonas,bovina
Bife de contrafilé com molho de bacon,bovina
Bife de contrafilé com molho de cogumelos,bovina
Bife de contrafilé com molho de ervas,bovina
Bife de contrafilé com molho de maçã,bovina
Bife de contrafilé com molho ferrugem,bovina
Bife de contrafilé com molho madeira,bovina
Bife de contrafilé com molho roti,bovina
Bife de contrafilé com molho shoyo,bovina
Bife de contrafilé com molho shoyu,bovina
Bife de contrafilé com molho vinagrete,bovina
Bife de contrafilé com shoyu,bovina
Bife de contrafilé grelhado,bovina
Bife de contrafilé grelhado com molho barbecue,bovina
Bife de lombo,suína
Bife de panela,bovina
Bife de panela (coxão duro),bovina
Bife de panela (miolo de alcatra),bovina
Bife de panela à brasileira (milho e ervilha),bovina
Bife de panela com calabresa,bovina
Bife de pernil,bovina
Bife de pernil ao molho de maçã,bovina
Bife de pernil com molho de limão,bovina
Bife grelhado,bovina
Bife grelhado à fazendinha,bovina
Bife grelhado acebolado,bovina
Bife grelhado acebolado (contra filé),bovina
Bife grelhado acebolado (contra-filé),bovina
Bife grelhado ao molho argentino,bovina
Bife grelhado ao molho caipira,bovina
Bife grelhado ao molho champignon,bovina
Bife grelhado ao molho de champignon,bovina
Bife grelhado ao molho de cogumelo,bovina
Bife grelhado ao molho de ervas,bovina
Bife grelhado ao molho de maionese,bovina
Bife grelhado ao molho especial,bovina
Bife grelhado ao molho madeira,bovina
Bife grelhado ao molho roti,bovina
Bife grelhado ao molho roty,bovina
Bife grelhado com molho argentino,bovina
Bife grelhado com molho de azeitonas,bovina
Bife grelhado com molho de champignon,bovina
Bife grelhado com molho de cogumelos,bovina
Bife grelhado com molho especial,bovina
Bife grelhado com molho madeira,bovina
Bife grelhado com molho roti,bovina
Bife ouro branco (miolo de alcatra),bovina
Bife suíno ao m. roty (pernil),suína
Bisteca acebolada,suína
Bisteca ao molho barbecue,suína
Bisteca ao molho de abacaxi,suína
Bisteca ao molho de limão,suína
Bisteca ao molho madeira,suína
Bisteca assada,suína
Bisteca suína,suína
Bisteca suína acebolada,suína
Bisteca suína ao molho de limão,suína
Bisteca suína com molho barbecue,suína
Bobó de frango,ave
Bobó de frango (contém lactose),ave
Bolo de carne moída,bovina
Calabresa acebolada,processada
Calabresa ao molho sugo,processada
Carne à chinesa,bovina
Carne à oriental,bovina
Carne assada,bovina
Carne assada (lagarto),bovina
Carne assada acebolada,bovina
Carne assada ao molho de cebola,bovina
Carne assada ao molho de ervas,bovina
Carne assada ao molho madeira,bovina
Carne assada ao molho roti,bovina
Carne assada ao molho roty,bovina
Carne assada com cogumelos,bovina
Carne assada com molho agridoce,bovina
Carne assada com molho argentino,bovina
Carne assada com molho chimichurri,bovina
Carne assada com molho cítrico,bovina
Carne assada com molho de alecrim,bovina
Carne assada com molho de alho-poró,bovina
Carne assada com molho de ameixas,bovina
Carne assada com molho de champignon,bovina
Carne assada com molho de cogumelo,bovina
Carne assada com molho de ervas,bovina
Carne assada com molho de especiarias,bovina
Carne assada com molho de tomate,bovina
Carne assada com molho de vinho,bovina
Carne assada com molho ferrugem,bovina
Carne assada com molho madeira,bovina
Carne assada com molho picante,bovina
Carne assada com molho roti,bovina
Carne assada com molho roty,bovina
Carne corada com pimentão e cebola,bovina
Carne cubos com argentino,bovina
Carne de panela,bovina
Carne de panela acebolada,bovina
Carne de panela ao molho argentino,bovina
Carne de panela ao molho roty,bovina
Carne de panela com batata,bovina
Carne de panela com batatas,bovina
Carne de panela com legumes,bovina
Carne em cubos,bovina
Carne em cubos à brasileira,bovina
Carne em cubos à chinesa,bovina
Carne em cubos acebolada,bovina
Carne em cubos ao molho de cebola,bovina
Carne em cubos ao molho madeira,bovina
Carne em cubos ao molho roti,bovina
Carne em cubos ao molho vinagrete,bovina
Carne em cubos ao sugo,bovina
Carne em cubos com batatas,bovina
Carne em cubos com calabresa,bovina
Carne em cubos com legumes,bovina
Carne em cubos com linguiça calabresa,bovina
Carne em cubos com mandioca,bovina
Carne em cubos com mandioquinha,bovina
Carne em cubos com molho ao sugo,bovina
Carne em cubos com molho branco,bovina
Carne em cubos com molho champignon,bovina
Carne em cubos com molho de ervas,bovina
Carne em cubos com molho de ervilha,bovina
Carne em cubos com molho de mostarda,bovina
Carne em cubos com molho de vinho,bovina
Carne em cubos com molho ferrugem,bovina
Carne em cubos com molho italiano,bovina
Carne em cubos com molho madeira,bovina
Carne em cubos com molho picante,bovina
Carne em cubos com molho pomodoro,bovina
Carne em cubos com molho roti,bovina
Carne em cubos com molho vinagrete,bovina
Carne em cucos ao tomatelli,bovina
Carne em iscas,bovina
Carne em iscas aceboladas,bovina
Carne em iscas com molho argentino,bovina
Carne em tiras,bovina
Carne em tiras à chinesa,bovina
Carne em tiras à cigana,bovina
Carne em tiras à milanesa,bovina
Carne em tiras aceboladas,bovina
Carne em tiras com cogumelos,bovina
Carne em tiras com molho de alecrim,bovina
Carne em tiras com molho de azeitona,bovina
Carne em tiras com molho de pimentões,bovina
Carne em tiras empanadas,bovina
Carne louca,bovina
Carne moida,bovina
Carne moída,bovina
Carne moída à fantasia,bovina
Carne moída à primavera,bovina
Carne moida ao m. azeitonas (miolo da paleta),bovina
Carne moída ao sugo,bovina
Carne moída com alho-poró,bovina
Carne moída com azeitona,bovina
Carne moída com azeitona (patinho),bovina
Carne moída com azeitona e tomate,bovina
Carne moída com azeitonas,bovina
Carne moída com batata,bovina
Carne moida com batata (miolo de paleta),bovina
Carne moída com cenoura e milho,bovina
Carne moída com cenoura e vagem,bovina
Carne moída com legumes,bovina
Carne moída com molho,bovina
Carne moída com molho roti,bovina
Carne moída com moyashi,bovina
Carne moída com pimentões,bovina
Carne moída com tomate,bovina
Carne moída m. de azeitonas (miolo da paleta),bovina
Carne moída refogada,bovina
Carne picada,bovina
Carne picada com cogumelos,bovina
Carne picada com especiarias,bovina
Carne picada com legumes,bovina
Carne picada com molho de cogumelos,bovina
Carne picada com molho de especiarias,bovina
Carne picada com molho de tomate,bovina
Carne picado com linguiça calabresa,bovina
Chop suey de lombo,suína
Contra filé acebolado,bovina
Contra filé ao alho,bovina
Contrafilé assado com molho barbecue,bovina
Contrafilé assado com molho shoyu,bovina
Contrafilé com molho roti,bovina
Contrafilé com molho vinagrete,bovina
Contrafilé em tiras aceboladas,bovina
Copa lombo à california,suína
Copa lombo acebolado,suína
Copa lombo ao molho barbecue,suína
Copa lombo ao molho de abacaxi,suína
Copa lombo ao molho de laranja,suína
Copa lombo ao molho de limão,suína
Copa lombo ao molho de maçã,suína
Copa lombo ao vinagrete,suína
Copa lombo assado com molho ferrugem,suína
Copa lombo com molho agridoce,suína
Copa lombo com molho barbecue,suína
Copa lombo com molho califórnia,suína
Copa lombo com molho cítrico,suína
Copa lombo com molho de abacaxi,suína
Copa lombo com molho de alecrim,suína
Copa lombo com molho de alho poró,suína
Copa lombo com molho de cítrico,suína
Copa lombo com molho de limão,suína
Copa lombo com molho de maracujá,suína
Copa lombo com molho de mostarda,suína
Copa lombo com molho de pimentão,suína
Copa lombo com molho de vinho,suína
Copa lombo com molho ferrugem,suína
Copa lombo com molho roti,suína
Copa lombo com molho roty,suína
Copa lombo com molho vinagrete,suína
Coxa de frango,ave
Coxa de frango assada com molho ao sugo,ave
Coxa de frango em cubos,ave
Coxa e sobrecoxa assada com molho curry,ave
Coxa e sobrecoxa com molho carbonara,ave
Coxa e sobrecoxa com molho de tomates,ave
Coxa e sobrecoxa de franco à passarinho,ave
Coxa e sobrecoxa de frango à passarinho,ave
Coxa e sobrecoxa de frango ao sugo,ave
Coxa e sobrecoxa de frango assado,ave
Coxa e sobrecoxa de frango com alho,ave
Coxa e sobrecoxa de frango com molho à caçadora,ave
Coxa e sobrecoxa de frango com molho cítrico,ave
Coxa e sobrecoxa de frango com molho de azeitona,ave
Coxa e sobrecoxa de frango com molho de ervas,ave
Coxa e sobrecoxa de frango com molho de laranja,ave
Coxa e sobrecoxa de frango com molho de pimentão,ave
Coxa e sobrecoxa de frango com molho de salsão,ave
Coxa e sobrecoxa de frango com molho laranja,ave
Coxa e sobrecoxa de frango frito,ave
Coxa sobrecoxa de frango,ave
Coxa sobrecoxa de frango assado,ave
Cozido bovino com legumes,bovina
Cubos ao molho de mostarda,bovina
Cubos ao molho roti,bovina
Cubos bovinos ao molho mostarda,bovina
Cubos bovinos ao molho roti,bovina
Cubos bovinos com legumes,bovina
Cubos de carne,bovina
Cubos de carne à chinesa,bovina
Cubos de carne a pomodoro,bovina
Cubos de carne à pomodoro,bovina
Cubos de carne à primavera,bovina
Cubos de carne ao vinagrete,bovina
Cubos de carne com abóbora,bovina
Cubos de carne com calabresa,bovina
Cubos de carne com cebolas em pétalas,bovina
Cubos de carne com linguiça calabresa,bovina
Cubos de carne com mandioca,bovina
Cubos de carne com molho argentino,bovina
Cubos de carne com molho de bacon,bovina
Cubos de carne com molho de ervilha,bovina
Cubos de carne com molho madeira,bovina
Cubos de carne com molho roti,bovina
Cubos de coxa de frango assada,ave
Cubos de filé de coxa assada,ave
Cubos de filé de coxa assado,ave
Cubos de frango à brasileira,ave
Cubos de frango com molho de abacaxi,ave
Cubos de frango com molho de ervilha,ave
Cubos de frango com molho de laranja,ave
Cubos de frango com vinagrete,ave
Cubos de peito de frango à primavera,ave
Cubos de peito de frango com molho de pimentões,ave
Cubos de peito frango com molho shoyo,ave
Cubos suíno ao m. barbecue (lombo),suína
Cubos suínos,suína
Cubos suínos ao m. escuro (pernil),suína
Cupim acebolado,bovina
Cupim ao molho madeira,bovina
Cupim assado,bovina
Cupim assado com molho apimentado,bovina
Cupim assado com molho de abacaxi,bovina
Cupim assado com molho de limão,bovina
Cupim assado com molho escuro,bovina
Cupim assado com molho ferrugem,bovina
Cupim assado com molho madeira,bovina
Cupim assado com molho roti,bovina
Cupim assado com vinagrete,bovina
Cupim com molho argentino,bovina
Cupim com molho barbecue,bovina
Cupim com molho de alecrim,bovina
Cupim com molho de ameixa,bovina
Cupim com molho de cogumelo,bovina
Cupim com molho de especiarias,bovina
Cupim com molho de frutas,bovina
Cupim com molho escuro,bovina
Cupim com molho ferrugem,bovina
Cupim com molho madeira,bovina
Cupim com molho mostarda,bovina
Cupim com molho roti,bovina
Cupim com molho roti e salsão,bovina
Empanado de frango,ave
Empanado de peixe,peixe
Escalope de carne,bovina
Escalope de frango,ave
Escondidinho caipira,ave
Escondidinho de carne,bovina
Escondidinho de carne moída,bovina
Escondidinho de frango,ave
Espeto de carne,bovina
Espeto de frango,ave
Espeto de peito de frango com cebola e pimentões,ave
Estrogonofe,bovina
Estrogonofe de carne,bovina
Estrogonofe de frango,ave
Feijoada,suína
Filé de coxa,ave
Filé de coxa à pizzaiolo,ave
Filé de coxa asado,ave
Filé de coxa assado,ave
Filé de coxa assado com molho carbonara,ave
Filé de coxa com molho argentino,ave
Filé de coxa com molho azeitonas,ave
Filé de coxa com molho barbecue,ave
Filé de coxa com molho califórnia,ave
Filé de coxa com molho curry,ave
Filé de coxa com molho de alho-poró,ave
Filé de coxa com molho de azeitona,ave
Filé de coxa com molho de bacon,ave
Filé de coxa com molho de cebola,ave
Filé de coxa com molho de ervilha,ave
Filé de coxa com molho de ferrugem,ave
Filé de coxa com molho de mostarda,ave
Filé de coxa com molho de salsão,ave
Filé de coxa com molho de suíço,ave
Filé de coxa com molho mostarda,ave
Filé de coxa com molho parisiense,ave
Filé de coxa com molho roti e salsão,ave
Filé de coxa com molho suíço,ave
Filé de coxa com olho de salsão,ave
Filé de coxa com vinagrete,ave
Filé de coxa de frango acebolada,ave
Filé de coxa de frango assada,ave
Filé de coxa de frango assado,ave
Filé de coxa de frango assado com curry,ave
Filé de coxa de frango com ervas aromáticas,ave
Filé de coxa de frango com molho barbecue,ave
Filé de coxa de frango com molho caipira,ave
Filé de coxa de frango com molho curry,ave
Filé de coxa de frango com molho de alho-poró,ave
Filé de coxa de frango com molho de ervas,ave
Filé de coxa de frango com molho de ervilha,ave
Filé de coxa de frango com molho de laranja,ave
Filé de coxa de frango com molho de manjericão,ave
Filé de coxa de frango com molho de maracujá,ave
Filé de coxa de frango com molho de mostarda,ave
Filé de coxa de frango com molho de salsão,ave
Filé de coxa de frango com molho ferrugem,ave
Filé de coxa de frango com molho mostarda,ave
Filé de coxa de frango com molho parisiense,ave
Filé de coxa de frango com molho roti,ave
Filé de coxa de frango com molho shoyo,ave
Filé de coxa de frango com molho suíço,ave
Filé de coxa de frango com moyashi,ave
Filé de coxa de frango grelhado,ave
Filé de coxa e sobrecoxa de frango com molho mostarda,ave
Filé de coxa grelhada,ave
File de coxa grelhado,ave
Filé de coxa grelhado,ave
Filé de frango,ave
Filé de frango à caipira,ave
Filé de frango à moda oriental,ave
Filé de frango à parmegiana,ave
Filé de frango à pizzaiollo,ave
Filé de frango à pizzaiolo,ave
Filé de frango à pomodoro,ave
Filé de frango acebolado,ave
Filé de frango ao moho ferrugem,ave
Filé de frango ao molho argentino,ave
Filé de frango ao molho branco,ave
Filé de frango ao molho caipira,ave
Filé de frango ao molho de cogumelos,ave
File de frango ao molho de mostarda,ave
Filé de frango ao molho de mostarda,ave
Filé de frango ao molho ferrugem,ave
Filé de frango ao molho mostarda,ave
Filé de frango ao molho pizzaiolo,ave
Filé de frango ao vinagrete,ave
Filé de frango assado,ave
Filé de frango com cogumelos,ave
Filé de frango com molho cítrico,ave
Filé de frango com molho de azeitonas,ave
Filé de frango com molho de bacon,ave
Filé de frango com molho de cebola,ave
Filé de frango com molho de cogumelo,ave
Filé de frango com molho de cogumelos,ave
Filé de frango com molho de ervas,ave
Filé de frango com molho de laranja,ave
Filé de frango com molho de maçã,ave
Filé de frango com molho de maracujá,ave
Filé de frango com molho de mostarda,ave
Filé de frango com molho de tomate,ave
Filé de frango com molho fazendinha,ave
Filé de frango com molho ferrugem,ave
Filé de frango com molho mostarda,ave
Filé de frango com molho parisiense,ave
Filé de frango com molho rose,ave
Filé de frango com molho rosé,ave
Filé de frango com molho roti,ave
Filé de frango com molho roty,ave
Filé de frango com molho shoyu,ave
Filé de frango com molho suíço,ave
Filé de frango com vinagrete,ave
Filé de frango de coxa de frango grelhado,ave
Filé de frango empanado,ave
Filé de frango empanado ao molho rosê,ave
Filé de frango empanado ao tomatelli,ave
File de frango grelhado,ave
Filé de frango grelhado,ave
Filé de frango grelhado ao molho rosé,ave
Filé de frango grelhado com molho de ervas,ave
Filé de merluza à portuguesa,peixe
Filé de merluza ao molho de ervas,peixe
Filé de merluza empanado,peixe
Filé de merluza frito,peixe
Filé de peito de frango à caçadora,ave
Filé de peito de frango á milanesa,ave
Filé de peito de frango à milanesa,ave
Filé de peito de frango à pizzaiolo,ave
Filé de peito de frango à pomodoro,ave
Filé de peito de frango ao molho mostarda,ave
Filé de peito de frango com molho barbecue,ave
Filé de peito de frango com molho caçadora,ave
Filé de peito de frango com molho caipira,ave
Filé de peito de frango com molho cítrico,ave
Filé de peito de frango com molho de abacaxi,ave
Filé de peito de frango com molho de alecrim,ave
Filé de peito de frango com molho de ameixa,ave
Filé de peito de frango com molho de azeitonas,ave
Filé de peito de frango com molho de cogumelo,ave
Filé de peito de frango com molho de ervas,ave
Filé de peito de frango com molho de ervilha,ave
Filé de peito de frango com molho de laranja,ave
Filé de peito de frango com molho de limão,ave
Filé de peito de frango com molho de manga,ave
Filé de peito de frango com molho de manjericão,ave
Filé de peito de frango com molho de maracujá,ave
Filé de peito de frango com molho de mostarda,ave
Filé de peito de frango com molho de moyashi,ave
Filé de peito de frango com molho de pimentão,ave
Filé de peito de frango com molho de vinho,ave
Filé de peito de frango com molho ferrugem,ave
Filé de peito de frango com molho mostarda,ave
Filé de peito de frango com molho rosé,ave
Filé de peito de frango com molho roti,ave
Filé de peito de frango com molho shoyo,ave
Filé de peito de frango com molho vinagrete,ave
Filé de peito de frango empanado,ave
Filé de peito de frango grelhado,ave
Filé de peito de frango grelhado acebolado,ave
Filé de peito de frango grelhado com molho curry,ave
Filé de peito de frango grelhado com molho de cebolas,ave
Filé de peito de frango grelhado com molho de queijo,ave
Filé de peito de frango grelhado com molho de queijo e orégano,ave
Filé de peito de peru ao molho califórnia,ave
Filé de peito de peru c/ molho califórnia,ave
Filé de peito de peru com molho de palmito,ave
Filé de peixe à baiana,peixe
Filé de peixe à dore (merluza),peixe
Filé de peixe à escabeche,peixe
Filé de peixe à parmegiana,peixe
Filé de peixe à pomodoro,peixe
Filé de peixe à portuguesa,peixe
Filé de peixe ao molho escabeche,peixe
Filé de peixe ao molho rose,peixe
Filé de peixe assado,peixe
Filé de peixe assado com molho à portuguesa,peixe
Filé de peixe com molho baiano,peixe
Filé de peixe com molho de mostarda,peixe
Filé de peixe com molho de tomate,peixe
Filé de peixe com molho escabeche,peixe
Filé de peixe com molho mostarda,peixe
Filé de peixe dourado,peixe
Filé de peixe frito,peixe
Filé de peixe grelhado com molho de limão,peixe
Filé de sobrecoxa,ave
Filé de sobrecoxa à passarinho,ave
Filé de sobrecoxa à pomodoro,ave
Filé de sobrecoxa ao creme de cebola,ave
Filé de sobrecoxa ao curry,ave
Filé de sobrecoxa ao molho de cebola,ave
Filé de sobrecoxa ao molho inglês,ave
Filé de sobrecoxa ao pomodoro,ave
Filé de sobrecoxa assada,ave
Filé de sobrecoxa assado,ave
Filé de sobrecoxa com creme de cebola,ave
Filé de tilápia à baiana,peixe
Filé de tilápia à milanesa,peixe
Filé de tilápia assado,peixe
Filé de tilápia com molho à baiana,peixe
Filé de tilápia com molho de limão,peixe
Filé de tilápia com molho de tomate,peixe
Filé de tilápia com pimentões,peixe
Filé de tilápia dourado,peixe
Filé de tilápia empanado,peixe
Filé frango empanado ao molho de mostarda,ave
Filé peixe ao forno,peixe
Frango à brasileira,ave
Frango à copacabana,ave
Frango à marguerita,ave
Frango à mexicana,ave
Frango à milanesa,ave
Frango à milanesa (contem glúten),ave
Frango à milanesa (contém glúten),ave
Frango à milanesa (glúten),ave
Frango à milanesa(contém glúten),ave
Frango a moda caipira,ave
Frango à moda caipira,ave
Frango à oriental,ave
Frango à passarinho,ave
Frango à pizzaiolo,ave
Frango à provençal,ave
Frango à rolê,ave
Frango acebolado (filé de sobrecoxa),ave
Frango ao forno,ave
Frango ao forno com alecrim,ave
Frango ao molho bechamel,ave
Frango ao molho chinês,ave
Frango ao molho de mostarda,ave
Frango ao molho primavera,ave
Frango ao molho sugo,ave
Frango ao sugo,ave
Frango assado,ave
Frango assado acebolado,ave
Frango assado com molho caipira,ave
Frango assado com molho carbonara,ave
Frango assado com molho curry,ave
Frango assado com molho de ervas,ave
Frango assado com molho de mostarda,ave
Frango assado com molho de tomate,ave
Frango assado com molho de tomates,ave
Frango assado escabelado,ave
Frango caipira,ave
Frango com molho de alho,ave
Frango com molho de ervilhas,ave
Frango com molho de laranja,ave
Frango com quiabo,ave
Frango com quiabo (file de peito de frango),ave
Frango crocante,ave
Frango crocante (contém glúten),ave
Frango crocante (glúten),ave
Frango desfiado,ave
Frango desfiado ao molho sugo,ave
Frango em cubos,ave
Frango em cubos à caçadora,ave
Frango em tiras,ave
Frango em tiras à caipira,ave
Frango em tiras com molho de cogumelos,ave
Frango em tiras com molho de ervilhas,ave
Frango em tiras com molho rosé,ave
Frango em tiras com molho shoyu,ave
Frango em tiras com molho shoyu e cebola,ave
Frango em tiras empanadas,ave
Frango empanado,ave
Frango escabelado,ave
Frango grelhado,ave
Frango grelhado ao molho de mostarda,ave
Frango na panela,ave
Frango teriaki,ave
Frango xadrez,ave
Fricasse de frango,ave
Fricassé de frango,ave
Fricassê de frango,ave
Fricassê de frango (contém lactose),ave
Fricassê de frango (lactose),ave
Goulash,bovina
Goulash (miolo da paleta),bovina
Guisado,bovina
Hambúrguer,processada
Hambúrguer à carbonara,processada
Hambúrguer à napolitana,processada
Hamburguer à pizzaiolo,processada
Hambúrguer a pizzaiolo,processada
Hambúrguer à pizzaiolo,processada
Hambúrguer a pizzaiolo (contem lactose),processada
Hambúrguer acebolado,processada
Hambúrguer ao molho barbecue,processada
Hambúrguer ao molho de mostarda e queijo,processada
Hambúrguer ao molho de mostarda e queijos,processada
Hambúrguer ao molho de queijo,processada
Hamburguer ao molho de queijo e mostarda,processada
Hambúrguer ao molho de queijo e mostarda,processada
Hambúrguer ao molho ferrugem,processada
Hamburguer ao molho italiano,processada
Hambúrguer ao molho italiano,processada
Hambúrguer ao molho pizzaiolo,processada
Hambúrguer ao molho roty,processada
Hambúrguer ao molho sugo,processada
Hambúrguer ao sugo,processada
Hambúrguer ao tomatelli,processada
Hambúrguer assado,processada
Hambúrguer com cebola e azeitona,processada
Hambúrguer com molho americano,processada
Hambúrguer com molho barbecue,processada
Hambúrguer com molho de mostarda,processada
Hambúrguer com molho de tomate,processada
Hambúrguer com molho de vinho,processada
Hambúrguer com molho ferrugem,processada
Hambúrguer com molho napolitano,processada
Hambúrguer com molho pizzaiolo,processada
Hambúrguer com molho pomodoro,processada
Hambúrguer com molho roti,processada
Hambúrguer com molho vinagrete,processada
Hamburguer com vinagrete,processada
Hambúrguer de forno,processada
Hamburguer grelhado,processada
Hambúrguer grelhado,processada
Hambúrguer pizzaiolo (contém lactose),processada
Isca ao molho ferrugem,bovina
Isca bovina acebolada,bovina
Isca bovina ao molho madeira,bovina
Isca bovina ao molho rotti,bovina
Isca chinesa,bovina
Isca de carne,bovina
Isca de carne à chinesa,bovina
Isca de carne à moda chinesa,bovina
Isca de carne à moda oriental,bovina
Isca de carne à primavera,bovina
Isca de carne acebolada,bovina
Isca de carne ao molho especial,bovina
Isca de carne ao molho roty,bovina
Isca de carne ao sugo,bovina
Isca de carne ao vinagrete,bovina
Isca de carne chinesa,bovina
Isca de carne com molho ferrugem,bovina
Isca de carne com pimentões,bovina
Isca de frango,ave
Isca de frango à milanesa,ave
Isca de frango à milanesa (contém glúten),ave
Isca de frango à moda chinesa,ave
Isca de frango à moda oriental,ave
Isca de frango ao creme de cebola,ave
Isca de frango com molho cítrico,ave
Isca de frango com molho de abacaxi,ave
Isca de frango com molho vinagrete,ave
Isca de frango grelhada,ave
Isca de frango grelhado,ave
Isca de peixe frito,peixe
Iscas a chinesa,bovina
Iscas ao molho de bacon,bovina
Iscas ao molho de champignon,bovina
Iscas bovinas com molho roty,bovina
Iscas chinesa,bovina
Iscas de carne à chinesa,bovina
Iscas de carne à chinesa (contra filé),bovina
Iscas de carne à oriental,bovina
Iscas de carne acebolada,bovina
Iscas de carne aceboladas,bovina
Iscas de carne ao molho barbecue,bovina
Iscas de carne ao molho chinês,bovina
Iscas de carne ao vinagrete,bovina
Iscas de carne chinesa,bovina
Iscas de carne com calabresa,bovina
Iscas de carne com carne seca,bovina
Iscas de carne com carne seca acebolada,bovina
Iscas de carne com cogumelos,bovina
Iscas de carne com linguiça calabresa e molho argentino,bovina
"Iscas de carne com linguiça calabresa, molho e bacon",bovina
Iscas de carne com molho de cogumelos,bovina
Iscas de carne com molho de ervas,bovina
Iscas de carne com molho de tomate,bovina
Iscas de carne com molho especial,bovina
Iscas de carne com molho madeira,bovina
Iscas de carne com molho roty,bovina
Iscas de carne com seca,bovina
Iscas de carne grelhadas,bovina
Iscas de frango,ave
Iscas de frango à chinesa,ave
Iscas de frango à milanesa,ave
Iscas de frango acebolada,ave
Iscas de frango aceboladas,ave
Iscas de frango ao m. mostarda (sassami),ave
Iscas de frango ao molho mostarda,ave
Iscas de frango ao molho primavera,ave
Iscas de frango ao sugo,ave
Iscas de frango com molho à cigana,ave
Iscas de frango com molho aurora,ave
Iscas de frango com molho caipira,ave
Iscas de frango com molho de azeitonas,ave
Iscas de frango com molho de ervas,ave
Iscas de frango com molho de ervilha,ave
Iscas de frango com molho de maracujá,ave
Iscas de frango com molho shoyu,ave
Iscas de frango com vinagrete,ave
Iscas de merluza à milanesa,peixe
Iscas grelhadas ao molho madeira,bovina
Jardineira de carne moída,bovina
Lagarto à califórnia,bovina
Lagarto à escabeche,bovina
Lagarto à pomodoro,bovina
Lagarto ao m escuro (lagarto),bovina
Lagarto ao molho barbecue,bovina
Lagarto ao molho de champignon,bovina
Lagarto ao molho de limão,bovina
Lagarto ao molho de mostarda,bovina
Lagarto ao molho ferrugem,bovina
Lagarto ao molho italiano,bovina
Lagarto ao molho madeira,bovina
Lagarto ao molho roty,bovina
Lagarto ao vinagrete,bovina
Lagarto assado,bovina
Lagarto assado ao molho de cogumelos,bovina
Lagarto assado ao molho de ervas,bovina
Lagarto assado ao molho madeira,bovina
Lagarto assado ao molho roty,bovina
Lagarto assado ao vinagrete,bovina
Lagarto assado com molho de azeitonas,bovina
Lagarto assado com molho de mostarda,bovina
Lagarto assado com molho ferrugem,bovina
Lagarto assado com molho madeira,bovina
Lagarto assado com molho roti,bovina
Lagarto assado com molho vinho,bovina
Lagarto com molho à caçadora,bovina
Lagarto com molho caipira,bovina
Lagarto com molho de ameixa,bovina
Lagarto com molho de cogumelo,bovina
Lagarto com molho de ervas,bovina
Lagarto com molho de ervilhas,bovina
Lagarto com molho de ferrugem,bovina
Lagarto com molho de moyashi,bovina
Lagarto com molho de pimentões,bovina
Lagarto com molho de salsão,bovina
Lagarto com molho de vinho,bovina
Lagarto com molho ferrugem,bovina
Lagarto com molho madeira,bovina
Lagarto com molho mostarda,bovina
Lagarto com molho picante,bovina
Lagarto com molho pimentão,bovina
Lagarto com molho roti,bovina
Lagarto com molho roty,bovina
Lagarto com molho shoyo,bovina
Lagarto em cubos,bovina
Lagarto louco,bovina
Lasanha,massa
Lasanha a bolonhesa,massa
Lasanha à bolonhesa,massa
Lasanha de carne,massa
Lasanha de carne com molho de tomates,massa
Lasanha de carne moída,massa
Linguiça acebolada,processada
Lingüiça acebolada,processada
Linguiça ao tomateli,processada
Linguiça ao tomatelli,processada
Lingüiça ao tomatelli,processada
Linguiça ao vinagrete,processada
Linguiça assada,processada
Linguiça assada com molho vinagrete,processada
Lingüiça assado,processada
Linguiça com molho barbecue,processada
Linguiça com molho de ervas,processada
Linguiça com molho de vinagrete,processada
Linguiça com molho picante,processada
Linguiça com molho vinagrete,processada
Linguiça com vinagrete,processada
Linguiça de frango,processada
Linguiça de frango à caipira,processada
Lingüiça de frango acebolada,processada
Linguiça de frango acebolado,processada
Lingüiça de frango ao tomatelli,processada
Lingüiça de frango com pimentão,processada
Lingüiça de frango com pimentões,processada
Linguiça de frango fininha,processada
Lingüiça suína acebolada,processada
Lingüiça suína ao tomatelli,processada
Linguiça toscana,processada
Lingüiça toscana,processada
Linguiça toscana (contém glúten),processada
Linguiça toscana acebolada,processada
Lingüiça toscana acebolada,processada
Linguiça toscana assada,processada
Lombo à califórnia,suína
Lombo ao m. vinagrete (pernil),suína
Lombo ao molho barbacure,suína
Lombo ao molho barbecue,suína
Lombo ao molho barbecure,suína
Lombo ao molho de ervas,suína
Lombo ao molho de limão,suína
Lombo ao molho de roty,suína
Lombo ao molho roty,suína
Lombo ao shoyo,suína
Lombo ao shoyu,suína
Lombo assado,suína
Lombo assado ao molho barbecue,suína
Lombo assado ao molho de limão,suína
Lombo assado com abacaxi,suína
Lombo assado com molho de ameixa,suína
Lombo assado com molho de ervas,suína
Lombo assado com molho ferrugem,suína
Lombo com abacaxi,suína
Lombo com molho de abacaxi,suína
Lombo com molho de limão,suína
Lombo com molho de mostarda,suína
Lombo com molho ferrugem,suína
Lombo com molho roti,suína
Lombo desfiado,suína
Lombo desfiado com legumes,suína
Lombo louco,suína
Lombo suíno ao molho barbecue,suína
Lombo suíno ao molho de laranja,suína
Lombo suíno assado,suína
Lombo suíno desfiado,suína
Lombo suíno fatiado,suína
Merluza ao molho de alecrim,peixe
Moqueca de peixe,peixe
Moqueca de peixe (merluza),peixe
Omelete,ovo
Ovo frito,ovo
Ovos à pomodoro,ovo
Ovos fritos,ovo
Ovos mexidos,ovo
Panqueca de carne,bovina
Panqueca de carne moída,bovina
Panqueca de frango,ave
Panqueca de frango com molho branco,ave
Parmegiana de peixe (contem glúten e lactose),peixe
Parmegiana de peixe (contém glúten e lactose),peixe
Parmegiana de peixe (contém glúten),peixe
Parmegiana de peixe (contem lactose),peixe
Parmegiana de peixe (glúten e lactose),peixe
Parmegiana frango (contém lactose e glúten),ave
Peito de frango ao sugo,ave
Peito de frango em cubos com pimentão,ave
Peito de frango grelhado,ave
Peixada ao leite de coco,peixe
Peixada com leite de coco,peixe
Peixada de leite de coco,peixe
Peixe à milanesa,peixe
Peixe à moda conceição,peixe
Peixe à portuguesa,peixe
Peixe ao brás,peixe
Peixe ao forno,peixe
Peixe ao m. de espinafre (merluza),peixe
Peixe ao m. de tomate com pimentões (tilápia),peixe
Peixe ao molho de espinafre,peixe
Peixe ao molho de queijos,peixe
Peixe assado,peixe
Peixe assado à moda conceição,peixe
Peixe assado à portuguesa,peixe
Peixe assado com molho de ervas,peixe
Peixe assado com molho de limão,peixe
Peixe assado com molho de limão e ervas,peixe
"Peixe com alho, alecrim e raspas de laranja",peixe
Peixe com leite de coco,peixe
Peixe com molho à portuguesa,peixe
Peixe com molho de pimentões,peixe
Peixe com molho mostarda,peixe
Peixe crocante,peixe
Peixe empanado,peixe
Peixe frito,peixe
Peixe oriental,peixe
Pernil acebolado,suína
Pernil acebolado com molho barbecue,suína
Pernil ao molho barbecue,suína
Pernil ao molho de abacaxi,suína
Pernil ao molho de laranja,suína
Pernil ao molho roty,suína
Pernil assado,suína
Pernil assado ao vinagrete,suína
Pernil assado com abacaxi,suína
Pernil assado com maracujá,suína
Pernil assado com molho barbecue,suína
Pernil assado com molho de abacaxi,suína
Pernil assado com molho de frutas,suína
Pernil assado com molho de limão,suína
Pernil com abacaxi,suína
Pernil com cebola e pimentão,suína
Pernil com molho barbecue,suína
Pernil com molho de limão,suína
Pernil desfiado,suína
Pernil desfiado acebolado,suína
Pernil em cubos,suína
Pernil em cubos acebolado,suína
Pernil louco,suína
Pernil suíno,suína
Pernil suíno acebolado,suína
Pernil suíno com molho barbecue,suína
Picadinho a brasileira,bovina
Picadinho à brasileira,bovina
Picadinho com mandioca,bovina
Picadinho de carne,bovina
Picadinho de carne com batatas,bovina
Picado de carne com calabresa,bovina
Quibe,bovina
Quibe assado,bovina
Quibe assado (contém glúten),bovina
Quibe assado (glúten),bovina
Quibe de assadeira,bovina
Quibe de assadeira com queijo,bovina
Quibe de bandeja,bovina
Quibe de forno,bovina
Quibe pronto,bovina
Quibe pronto assado,bovina
Ragu de carne,bovina
Rocambole de carne,bovina
Rocambole de carne (contém gluten),bovina
Rocambole de carne (contém glúten),bovina
Rocambole de carne com queijo e cenoura,bovina
Rocambole de frango,ave
Rocambole recheado,bovina
Rolê de frango,ave
Role de frango ao pomodoro,ave
Rolê de frango ao sugo,ave
Rolê de frango com molho de laranja,ave
Rolê de frango com molho de tomate,ave
Rolê de frango com molho shoyo,ave
Salsicha,processada
Salsicha ao sugo,processada
Salsicha com molho americano,processada
Salsicha com molho barbecue,processada
Salsicha com molho de tomate,processada
Salsicha com molho de tomate e cebola,processada
Salsicha com molho de tomates,processada
Salsicha com queijo e molho sugo,processada
Sassami acebolado (sassami),ave
Sobrecoxa à pomodoro,ave
Sobrecoxa ao molho de ervas,ave
Sobrecoxa ao molho de hortelã,ave
Sobrecoxa ao molho de laranja,ave
Sobrecoxa ao molho pomodoro,ave
Sobrecoxa assada,ave
Sobrecoxa com cebola,ave
Sobrecoxa de frango à califórnia,ave
Sobrecoxa de frango acebolada,ave
Sobrecoxa de frango com molho à caçadora,ave
Sobrecoxa de frango com molho caçadora,ave
Sobrecoxa de frango com molho de alecrim,ave
Sobrecoxa de frango com molho de azeitonas,ave
Sobrecoxa de frango com molho de ervas,ave
Sobrecoxa de frango com molho de ervilha,ave
Sobrecoxa de frango com molho de hortelã,ave
Sobrecoxa de frango com molho de salsão,ave
Sobrecoxa de frango com molho fazendinha,ave
Sobrecoxa de frango com molho ferrugem,ave
Sobrecoxa de frango com molho mostarda,ave
Steak,processada
Steak à pizzaiolo,processada
Steak de frango,processada
Steak de frango à pizzaiolo,processada
Steak de frango ao molho pizzaiolo,processada
Steak de frango ao molho sugo,processada
Strogonof de carne,bovina
Strogonof de frango,ave
Strogonofe de carne,bovina
Strogonofe de frango,ave
Strogonoff de carne,bovina
Strogonoff de carne (contém lactose),bovina
Strogonoff de carne (lactose),bovina
Strogonoff de frango,ave
Strogonoff de frango (contem lactose),ave
Strogonoff de frango (contém lactose),ave
Strogonoff de frango (lactose),ave
Tilapia à milanesa,peixe
Tilápia à milanesa,peixe
Tilápia frita,peixe
Tiras bovinas ao molho de mostarda,bovina
Tiras de carne à caçadora,bovina
Tiras de carne à chinesa,bovina
Tiras de carne acebolada,bovina
Tiras de carne com cogumelos,bovina
Tiras de carne com molho ferrugem,bovina
Tiras de carne com moyashi,bovina
Tiras de carnes com molho de alho poró,bovina
Tiras de frango com molho ervas,ave
Tiras de frango com molho rosé,ave
Tiras de frango com molho roti,ave
Tiras de peito de frango com molho cítrico,ave
Tiras de peixe à milanesa,peixe
Torta a madalena,bovina
Torta à madalena,bovina
Torta madalena,bovina
Torta madalena de carne,bovina
Torta madalena de frango,ave
Torta madalena de linguiça,processada
Yakisoba,massa
